Variant,Kd
"M59I,Q120K,S7T,T94M,V109L,D110E",104.5
"M59I,Q120K,S7T,T94M,V109L,D110E",97.55
"M59I,Q120K,S7T,T94M,V109L,D110E",92.49
"M59I,Q120K,S7T,T94M,V109L,D110E",87.57
"M59I,Q120K,S7T,T94M,V109L",193.8
"M59I,Q120K,S7T,T94M,V109L",152.7
"M59I,Q120K,S7T,T94M,V109L",167.1
"M59I,Q120K,S7T,T94M,V109L",137.7
"M59I,Q120K,S7T,T94M,D110E",257
"M59I,Q120K,S7T,T94M,D110E",204.4
"M59I,Q120K,S7T,T94M,D110E",139.2
"M59I,Q120K,S7T,T94M,D110E",121.9
"M59I,Q120K,S7T,V109L,D110E",41.02
"M59I,Q120K,S7T,V109L,D110E",52.66
"M59I,Q120K,S7T,V109L,D110E",50.84
"M59I,Q120K,S7T,V109L,D110E",40.85
"M59I,Q120K,T94M,V109L,D110E",97.27
"M59I,Q120K,T94M,V109L,D110E",83.86
"M59I,Q120K,T94M,V109L,D110E",124.7
"M59I,Q120K,T94M,V109L,D110E",98.57
"M59I,S7T,T94M,V109L,D110E",116.9
"M59I,S7T,T94M,V109L,D110E",90.42
"M59I,S7T,T94M,V109L,D110E",119.1
"M59I,S7T,T94M,V109L,D110E",114.3
"Q120K,S7T,T94M,V109L,D110E",142.9
"Q120K,S7T,T94M,V109L,D110E",161.3
"Q120K,S7T,T94M,V109L,D110E",132.6
"Q120K,S7T,T94M,V109L,D110E",143.4
"S7T,T94M,V109L,D110E",96.02
"S7T,T94M,V109L,D110E",84.04
"S7T,T94M,V109L,D110E",118.2
"S7T,T94M,V109L,D110E",101.1
"M59I,T94M,V109L,D110E",141.9
"M59I,T94M,V109L,D110E",160
"M59I,T94M,V109L,D110E",145.9
"M59I,T94M,V109L,D110E",127.9
"M59I,S7T,V109L,D110E",41.44
"M59I,S7T,V109L,D110E",36.52
"M59I,S7T,V109L,D110E",47.56
"M59I,S7T,V109L,D110E",40.1
"M59I,S7T,T94M,D110E",123.7
"M59I,S7T,T94M,D110E",80.04
"M59I,S7T,T94M,D110E",88.71
"M59I,S7T,T94M,D110E",81.63
"Q120K,T94M,V109L,D110E",158.5
"Q120K,T94M,V109L,D110E",285.2
"Q120K,T94M,V109L,D110E",249.6
"Q120K,T94M,V109L,D110E",128.5
"Q120K,S7T,V109L,D110E",42.88
"Q120K,S7T,V109L,D110E",35.12
"Q120K,S7T,V109L,D110E",67.5
"Q120K,S7T,V109L,D110E",69.42
"Q120K,S7T,T94M,D110E",294.5
"Q120K,S7T,T94M,D110E",296.6
"Q120K,S7T,T94M,D110E",219.6
"Q120K,S7T,T94M,D110E",348.8
"Q120K,S7T,T94M,V109L",507.3
"Q120K,S7T,T94M,V109L",284.1
"Q120K,S7T,T94M,V109L",295.8
"Q120K,S7T,T94M,V109L",252.2
"M59I,Q120K,V109L,D110E",76.47
"M59I,Q120K,V109L,D110E",86.84
"M59I,Q120K,V109L,D110E",70.93
"M59I,Q120K,V109L,D110E",82.48
"M59I,Q120K,T94M,D110E",181.4
"M59I,Q120K,T94M,D110E",187.1
"M59I,Q120K,T94M,D110E",114.8
"M59I,Q120K,T94M,D110E",118.1
"M59I,Q120K,T94M,V109L",75.47
"M59I,Q120K,T94M,V109L",96.72
"M59I,Q120K,T94M,V109L",138.5
"M59I,Q120K,T94M,V109L",117.3
"M59I,Q120K,S7T,D110E",43.88
"M59I,Q120K,S7T,D110E",45.79
"M59I,Q120K,S7T,D110E",53.81
"M59I,Q120K,S7T,D110E",57.71
"M59I,Q120K,S7T,V109L",63.39
"M59I,Q120K,S7T,V109L",77.41
"M59I,Q120K,S7T,V109L",76.3
"M59I,Q120K,S7T,V109L",92.13
"M59I,Q120K,S7T,T94M",176.6
"M59I,Q120K,S7T,T94M",202.5
"M59I,Q120K,S7T,T94M",122.1
"M59I,Q120K,S7T,T94M",138.2
"T94M,V109L,D110E",287.5
"T94M,V109L,D110E",308.2
"T94M,V109L,D110E",171.5
"T94M,V109L,D110E",178
"S7T,V109L,D110E",53.78
"S7T,V109L,D110E",60.29
"S7T,V109L,D110E",53.52
"S7T,V109L,D110E",51.98
"S7T,T94M,D110E",219.7
"S7T,T94M,D110E",154.6
"S7T,T94M,D110E",182.9
"S7T,T94M,D110E",246
"S7T,T94M,V109L",205.3
"S7T,T94M,V109L",255.8
"S7T,T94M,V109L",189.2
"S7T,T94M,V109L",190
"Q120K,V109L,D110E",57.28
"Q120K,V109L,D110E",62.38
"Q120K,V109L,D110E",53.86
"Q120K,V109L,D110E",54.48
"Q120K,T94M,D110E",168.5
"Q120K,T94M,D110E",191.2
"Q120K,T94M,D110E",124.5
"Q120K,T94M,D110E",126.7
"Q120K,T94M,V109L",165.1
"Q120K,T94M,V109L",175.2
"Q120K,T94M,V109L",148.3
"Q120K,T94M,V109L",161.9
"Q120K,S7T,D110E",62.4
"Q120K,S7T,D110E",50.85
"Q120K,S7T,D110E",94.47
"Q120K,S7T,D110E",104.1
"Q120K,S7T,V109L",111.3
"Q120K,S7T,V109L",127.5
"Q120K,S7T,V109L",77.76
"Q120K,S7T,V109L",101.4
"Q120K,S7T,T94M",277
"Q120K,S7T,T94M",564.8
"Q120K,S7T,T94M",292.8
"Q120K,S7T,T94M",315.6
"M59I,V109L,D110E",66.17
"M59I,V109L,D110E",76.62
"M59I,V109L,D110E",40.38
"M59I,V109L,D110E",45.54
"M59I,T94M,V109L",104.6
"M59I,T94M,V109L",119.3
"M59I,T94M,V109L",161.2
"M59I,T94M,V109L",195.8
"M59I,S7T,D110E",85.75
"M59I,S7T,D110E",96.39
"M59I,S7T,D110E",48.67
"M59I,S7T,D110E",47.9
"M59I,S7T,V109L",88.03
"M59I,S7T,V109L",68.05
"M59I,S7T,V109L",50.96
"M59I,S7T,V109L",58.18
"M59I,S7T,T94M",123.4
"M59I,S7T,T94M",162.8
"M59I,S7T,T94M",141.2
"M59I,S7T,T94M",168.6
"M59I,Q120K,D110E",48.83
"M59I,Q120K,D110E",55.63
"M59I,Q120K,D110E",64.68
"M59I,Q120K,D110E",69.5
"M59I,Q120K,T94M",220.7
"M59I,Q120K,T94M",149
"M59I,Q120K,T94M",125.4
"M59I,Q120K,T94M",166.1
"M59I,Q120K,S7T",67.42
"M59I,Q120K,S7T",76.4
"M59I,Q120K,S7T",65.17
"M59I,Q120K,S7T",73.63
"V109L,D110E",59.13
"V109L,D110E",92.12
"V109L,D110E",58.24
"V109L,D110E",67.19
"T94M,D110E",445
"T94M,D110E",328.7
"T94M,D110E",192.7
"T94M,D110E",159.8
"T94M,V109L",183
"T94M,V109L",178.1
"T94M,V109L",242.2
"T94M,V109L",290
"S7T,D110E",102.9
"S7T,D110E",106.1
"S7T,D110E",31.68
"S7T,D110E",41.88
"S7T,V109L",49.04
"S7T,V109L",52.21
"S7T,V109L",55.96
"S7T,V109L",71.48
"S7T,T94M",384.9
"S7T,T94M",367.7
"S7T,T94M",223.7
"S7T,T94M",163.8
"Q120K,D110E",51.33
"Q120K,D110E",72.38
"Q120K,D110E",70.86
"Q120K,D110E",80.24
"Q120K,V109L",39.84
"Q120K,V109L",37.94
"Q120K,V109L",87.13
"Q120K,V109L",77.12
"Q120K,T94M",128.3
"Q120K,T94M",176.9
"Q120K,T94M",214.7
"Q120K,T94M",206.4
"Q120K,S7T",70.86
"Q120K,S7T",64.25
"M59I,D110E",74.74
"M59I,D110E",82.9
"M59I,D110E",26.7
"M59I,D110E",25.25
"M59I,V109L",38.8
"M59I,V109L",48.96
"M59I,V109L",23.62
"M59I,V109L",23.89
"M59I,T94M",160.3
"M59I,T94M",152.5
"M59I,T94M",182.6
"M59I,T94M",159.6
"M59I,S7T",48.29
"M59I,S7T",38.05
"M59I,S7T",48.29
"M59I,S7T",59.52
"M59I,Q120K",45.53
"M59I,Q120K",44.27
D110E,57.45
D110E,32.15
D110E,77.19
D110E,72.17
V109L,44.96
V109L,22.97
V109L,52.31
V109L,57.58
T94M,240.2
T94M,94.3
T94M,246.3
T94M,305.7
S7T,57.12
S7T,29.26
S7T,56.68
S7T,57.6
Q120K,62.31
Q120K,36.98
Q120K,64.01
Q120K,84.35
M59I,35.07
M59I,34.95
M59I,44.65
M59I,48.79
WT,55.51
WT,70.25
WT,70.58
WT,86.66
