Barcode,V_H_rep1,Adj_Count_H_rep1,Count_H_rep1,Frequency_H_rep1,Gene_H_rep1,Variant_H_rep1,V_L_rep1,Adj_Count_L_rep1,Count_L_rep1,Frequency_L_rep1,Gene_L_rep1,Variant_L_rep1,Variant,V_H_rep2,Adj_Count_H_rep2,Count_H_rep2,Frequency_H_rep2,Gene_H_rep2,Variant_H_rep2,V_L_rep2,Adj_Count_L_rep2,Count_L_rep2,Frequency_L_rep2,Gene_L_rep2,Variant_L_rep2
ATTTGAAGGTTGCTGGAATG,CAGCTGCAGCTGCAGGAGTCGGGCCCAGGACTGGTGAAGCCTTCGGAGACACTGTCCCTCACATGCACTGTCTCTGGTGGCTCCATCAGCAGTACTAGTTATTACTGGGGCTGGATCCGCCAGCCCCCAGGGAAGGGGCTGGAGTGGATTGCGAGTATCTATTACAGTGGGAGCACCTACTACAATCCGTCCCTCAAGAGTCGAGTCACCGTTTCCGTAGACACGTCCAAGAACCAGTTCTCCCTGAAGCTGAGCTCTGTGACCGCCGCAGACACGGCTGTCTATTACTGTGCGAGACAATGGAAATGGTTCGGGGAAGCCTGGTACTTCGATCTCTGGGGCCGTGGCACCCTGGTCACTGTCTCCTCA,3182.8,57,0.0179085248013742,COV2_2489,COV2_2489>VH:T33S-AGT;L69V-GTC,GAAATTGTGTTGACGCAGTCTCCAGGCACCCTGTCTTTGTCTCCAGGGGAAAGAGCCACCCTCTCCTGCAGGGCCAGTCAGAGTGTTAGCAGCAGCTACTTAGCCTGGTACCAGCAGAAACCTGGCCAGGCTCCCAGGCTCCTCATCTATGGTGCATCCAGCAGGGCCACTGGCATCCCAGACAGGTTCAGTGGCAGTGGGTCTGGGACAGACTTCACTCTCACCATCAGCAGACTGGAGCCTGAAGATTTTGCAGTGTATTACTGTCAGCAGTATGGTAGCTCACCTTTCACTTTCGGCGGAGGGACCAAGGTGGAGATCAAA,160.7,46,0.2863166525138356,COV2_2489,COV2_2489>VL:S20T-ACC,COV2_2489>VH:T33S-AGT;L69V-GTC|COV2_2489>VL:S20T-ACC,CAGCTGCAGCTGCAGGAGTCGGGCCCAGGACTGGTGAAGCCTTCGGAGACACTGTCCCTCACATGCACTGTCTCTGGTGGCTCCATCAGCAGTACTAGTTATTACTGGGGCTGGATCCGCCAGCCCCCAGGGAAGGGGCTGGAGTGGATTGCGAGTATCTATTACAGTGGGAGCACCTACTACAATCCGTCCCTCAAGAGTCGAGTCACCGTTTCCGTAGACACGTCCAAGAACCAGTTCTCCCTGAAGCTGAGCTCTGTGACCGCCGCAGACACGGCTGTCTATTACTGTGCGAGACAATGGAAATGGTTCGGGGAAGCCTGGTACTTCGATCTCTGGGGCCGTGGCACCCTGGTCACTGTCTCCTCA,7874.6,73,0.009270353786971,COV2_2489,COV2_2489>VH:T33S-AGT;L69V-GTC,GAAATTGTGTTGACGCAGTCTCCAGGCACCCTGTCTTTGTCTCCAGGGGAAAGAGCCACCCTCTCCTGCAGGGCCAGTCAGAGTGTTAGCAGCAGCTACTTAGCCTGGTACCAGCAGAAACCTGGCCAGGCTCCCAGGCTCCTCATCTATGGTGCATCCAGCAGGGCCACTGGCATCCCAGACAGGTTCAGTGGCAGTGGGTCTGGGACAGACTTCACTCTCACCATCAGCAGACTGGAGCCTGAAGATTTTGCAGTGTATTACTGTCAGCAGTATGGTAGCTCACCTTTCACTTTCGGCGGAGGGACCAAGGTGGAGATCAAA,286.2,91,0.3179814561483508,COV2_2489,COV2_2489>VL:S20T-ACC
CTATCATGCCTGATTCACAT,CAGCTGCAGCTGCAGGAGTCGGGCCCAGGACTGGTGAAGCCTTCGGAGACACTGTCCCTCACATGCACTGTCTCTGGTGGCTCCATCAGCAGTACTAGTTATTACTGGGGCTGGATCCGCCAGCCCCCAGGGAAGGGGCTGGAGTGGATTGCGAGTATCTATTACAGTGGGAGCACCTACTACAATCCGTCCCTCAAGAGTCGAGTCACCATTTCCGTAGACACGTCCAAGAACCAGTTCTCCCTGAAGCTGAGCTCTGTGACCGCCGCAGACACGGCTGTCTATTACTGTGCGAGACAATGGAAATGGTTCGGGGAAGCCTGGTACTTCGATCTCTGGGGCCGTGGCACCCTGGTCACTGTCTCCTCA,1673.8,45,0.026884260253382,COV2_2489,COV2_2489>VH:T33S-AGT;L69V-GTC;V71I-ATT,GAAATTGTGTTGACGCAGTCTCCAGGCACCCTGTCTTTGTCTCCAGGGGAAAGAGCCAGCCTCTCCTGCAGGGCCAGTCAGAGTGTTAGCAGCAGCTACTTAGCCTGGTACCAGCAGAAACCTGGCCAGGCTCCCAGGCTCCTCATCTATGGTGCATCCAGCAGGGCCACTGGCATCCCAGACAGGTTCAGTGGCAGTGGGTCTGGGACAGACTTCACTCTCACCATCAGCAGACTGGAGCCTGAAGATTTTGCAGTGTATTACTGTCAGCAGTATGGTAGCTCACCTTTCACTTTCGGCGGAGGGACCAAGGTGGAGATCAAA,54.7,26,0.4755936868612925,COV2_2489,COV2_2489>VL:WT,COV2_2489>VH:T33S-AGT;L69V-GTC;V71I-ATT|COV2_2489>VL:WT,CAGCTGCAGCTGCAGGAGTCGGGCCCAGGACTGGTGAAGCCTTCGGAGACACTGTCCCTCACATGCACTGTCTCTGGTGGCTCCATCAGCAGTACTAGTTATTACTGGGGCTGGATCCGCCAGCCCCCAGGGAAGGGGCTGGAGTGGATTGCGAGTATCTATTACAGTGGGAGCACCTACTACAATCCGTCCCTCAAGAGTCGAGTCACCATTTCCGTAGACACGTCCAAGAACCAGTTCTCCCTGAAGCTGAGCTCTGTGACCGCCGCAGACACGGCTGTCTATTACTGTGCGAGACAATGGAAATGGTTCGGGGAAGCCTGGTACTTCGATCTCTGGGGCCGTGGCACCCTGGTCACTGTCTCCTCA,3038.8,55,0.0180992621555149,COV2_2489,COV2_2489>VH:T33S-AGT;L69V-GTC;V71I-ATT,GAAATTGTGTTGACGCAGTCTCCAGGCACCCTGTCTTTGTCTCCAGGGGAAAGAGCCAGCCTCTCCTGCAGGGCCAGTCAGAGTGTTAGCAGCAGCTACTTAGCCTGGTACCAGCAGAAACCTGGCCAGGCTCCCAGGCTCCTCATCTATGGTGCATCCAGCAGGGCCACTGGCATCCCAGACAGGTTCAGTGGCAGTGGGTCTGGGACAGACTTCACTCTCACCATCAGCAGACTGGAGCCTGAAGATTTTGCAGTGTATTACTGTCAGCAGTATGGTAGCTCACCTTTCACTTTCGGCGGAGGGACCAAGGTGGAGATCAAA,103.6,51,0.4924760601915184,COV2_2489,COV2_2489>VL:WT
CTGTAATTATTGATACCTTG,CAGCTGCAGCTGCAGGAGTCGGGCCCAGGACTGGTGAAGCCTTCGGAGACACTGTCCCTCACATGCACTGTCTCTGGTGGCTCCATCAGCAGTACTAGTTATTACTGGGGCTGGATCCGCCAGCCCCCAGGGAAGGGGCTGGAGTGGATTGCGAGTATCTATTACAGTGGGAGCACCTACTACAATCCGTCCCTCAAGAGTCGACTCACCGTTTCCGTAGACACGTCCAAGAACCAGTTCTCCCTGAAGCTGAGCTCTGTGACCGCCGCAGACACGGCTGTCTATTACTGTGCGAGACAATGGAAATGGTTCGGGGAAGCCTGGTACTTCGATCTCTGGGGCCGTGGCACCCTGGTCACTGTCTCCTCA,5218.1,186,0.0356452651921838,COV2_2489,COV2_2489>VH:T33S-AGT,GAAATTGTGTTGACGCAGTCTCCAGGCACCCTGTCTTTGTCTCCAGGGGAAAGAGCCACCCTCTCCTGCAGGGCCAGTCAGAGTGTTAGCAGCAGCTACTTAGCCTGGTACCAGCAGAAACCTGGCCAGGCTCCCAGGCTCCTCATCTATGGTGCATCCAGCAGGGCCACTGGCATCCCAGACAGGTTCAGTGGCAGTGGGTCTGGGACAGACTTCACTCTCACCATCAGCAGACTGGAGCCTGAAGATTTTGCAGTGTATTACTGTCAGCAGTATGGTAGCTCACCTTTCACTTTCGGCGGAGGGACCAAGGTGGAGATCAAA,366.7,105,0.2863166525138356,COV2_2489,COV2_2489>VL:S20T-ACC,COV2_2489>VH:T33S-AGT|COV2_2489>VL:S20T-ACC,CAGCTGCAGCTGCAGGAGTCGGGCCCAGGACTGGTGAAGCCTTCGGAGACACTGTCCCTCACATGCACTGTCTCTGGTGGCTCCATCAGCAGTACTAGTTATTACTGGGGCTGGATCCGCCAGCCCCCAGGGAAGGGGCTGGAGTGGATTGCGAGTATCTATTACAGTGGGAGCACCTACTACAATCCGTCCCTCAAGAGTCGACTCACCGTTTCCGTAGACACGTCCAAGAACCAGTTCTCCCTGAAGCTGAGCTCTGTGACCGCCGCAGACACGGCTGTCTATTACTGTGCGAGACAATGGAAATGGTTCGGGGAAGCCTGGTACTTCGATCTCTGGGGCCGTGGCACCCTGGTCACTGTCTCCTCA,8940.1,190,0.0212524437157091,COV2_2489,COV2_2489>VH:T33S-AGT,GAAATTGTGTTGACGCAGTCTCCAGGCACCCTGTCTTTGTCTCCAGGGGAAAGAGCCACCCTCTCCTGCAGGGCCAGTCAGAGTGTTAGCAGCAGCTACTTAGCCTGGTACCAGCAGAAACCTGGCCAGGCTCCCAGGCTCCTCATCTATGGTGCATCCAGCAGGGCCACTGGCATCCCAGACAGGTTCAGTGGCAGTGGGTCTGGGACAGACTTCACTCTCACCATCAGCAGACTGGAGCCTGAAGATTTTGCAGTGTATTACTGTCAGCAGTATGGTAGCTCACCTTTCACTTTCGGCGGAGGGACCAAGGTGGAGATCAAA,937.2,298,0.3179814561483508,COV2_2489,COV2_2489>VL:S20T-ACC
CTTTCATTCAGCCAGTCCAT,CAGCTGCAGCTGCAGGAGTCGGGCCCAGGACTGGTGAAGCCTTCGGAGACACTGTCCCTCACATGCACTGTCTCTGGTGGCTCCATCAGCAGTACTAGTTATTACTGGGGCTGGATCCGCCAGCCCCCAGGGAAGGGGCTGGAGTGGATTGCGAGTATCTATTACAGTGGGAGCACCTACTACAATCCGTCCCTCAAGAGTCGACTCACCATTTCCGTAGACACGTCCAAGAACCAGTTCTCCCTGAAGCTGAGCTCTGTGACCGCCGCAGACACGGCTGTCTATTACTGTGCGAGACAATGGAAATGGTTCGGGGAAGCCTGGTACTTCGATCTCTGGGGCCGTGGCACCCTGGTCACTGTCTCCTCA,2950.1,56,0.0189821773674039,COV2_2489,COV2_2489>VH:T33S-AGT;V71I-ATT,GAAATTGTGTTGACGCAGTCTCCAGGCACCCTGTCTTTGTCTCCAGGGGAAAGAGCCAGCCTCTCCTGCAGGGCCAGTCAGAGTGTTAGCAGCAGCTACTTAGCCTGGTACCAGCAGAAACCTGGCCAGGCTCCCAGGCTCCTCATCTATGGTGCATCCAGCAGGGCCACTGGCATCCCAGACAGGTTCAGTGGCAGTGGGTCTGGGACAGACTTCACTCTCACCATCAGCAGACTGGAGCCTGAAGATTTTGCAGTGTATTACTGTCAGCAGTATGGTAGCTCACCTTTCACTTTCGGCGGAGGGACCAAGGTGGAGATCAAA,94.6,45,0.4755936868612925,COV2_2489,COV2_2489>VL:WT,COV2_2489>VH:T33S-AGT;V71I-ATT|COV2_2489>VL:WT,CAGCTGCAGCTGCAGGAGTCGGGCCCAGGACTGGTGAAGCCTTCGGAGACACTGTCCCTCACATGCACTGTCTCTGGTGGCTCCATCAGCAGTACTAGTTATTACTGGGGCTGGATCCGCCAGCCCCCAGGGAAGGGGCTGGAGTGGATTGCGAGTATCTATTACAGTGGGAGCACCTACTACAATCCGTCCCTCAAGAGTCGACTCACCATTTCCGTAGACACGTCCAAGAACCAGTTCTCCCTGAAGCTGAGCTCTGTGACCGCCGCAGACACGGCTGTCTATTACTGTGCGAGACAATGGAAATGGTTCGGGGAAGCCTGGTACTTCGATCTCTGGGGCCGTGGCACCCTGGTCACTGTCTCCTCA,8121.9,105,0.0129280443967963,COV2_2489,COV2_2489>VH:T33S-AGT;V71I-ATT,GAAATTGTGTTGACGCAGTCTCCAGGCACCCTGTCTTTGTCTCCAGGGGAAAGAGCCAGCCTCTCCTGCAGGGCCAGTCAGAGTGTTAGCAGCAGCTACTTAGCCTGGTACCAGCAGAAACCTGGCCAGGCTCCCAGGCTCCTCATCTATGGTGCATCCAGCAGGGCCACTGGCATCCCAGACAGGTTCAGTGGCAGTGGGTCTGGGACAGACTTCACTCTCACCATCAGCAGACTGGAGCCTGAAGATTTTGCAGTGTATTACTGTCAGCAGTATGGTAGCTCACCTTTCACTTTCGGCGGAGGGACCAAGGTGGAGATCAAA,235.5,116,0.4924760601915184,COV2_2489,COV2_2489>VL:WT
TAAGAATGATTCGTGGGCGT,CAGCTGCAGCTGCAGGAGTCGGGCCCAGGACTGGTGAAGCCTTCGGAGACACTGTCCCTCACATGCACTGTCTCTGGTGGCTCCATCAGCAGTACTACTTATTACTGGGGCTGGATCCGCCAGCCCCCAGGGAAGGGGCTGGAGTGGATTGCGAGTATCTATTACAGTGGGAGCACCTACTACAATCCGTCCCTCAAGAGTCGACTCACCATTTCCGTAGACACGTCCAAGAACCAGTTCTCCCTGAAGCTGAGCTCTGTGACCGCCGCAGACACGGCTGTCTATTACTGTGCGAGACAATGGAAATGGTTCGGGGAAGCCTGGTACTTCGATCTCTGGGGCCGTGGCACCCTGGTCACTGTCTCCTCA,889.1,42,0.0472407129053038,COV2_2489,COV2_2489>VH:V71I-ATT,GAAATTGTGTTGACGCAGTCTCCAGGCACCCTGTCTTTGTCTCCAGGGGAAAGAGCCACCCTCTCCTGCAGGGCCAGTCAGAGTGTTAGCAGCAGCTACTTAGCCTGGTACCAGCAGAAACCTGGCCAGGCTCCCAGGCTCCTCATCTATGGTGCATCCAGCAGGGCCACTGGCATCCCAGACAGGTTCAGTGGCAGTGGGTCTGGGACAGACTTCACTCTCACCATCAGCAGACTGGAGCCTGAAGATTTTGCAGTGTATTACTGTCAGCAGTATGGTAGCTCACCTTTCACTTTCGGCGGAGGGACCAAGGTGCAGATCAAA,32562.6,41,0.0012591139351702,COV2_2489,COV2_2489>VL:S20T-ACC;E106Q-CAG,COV2_2489>VH:V71I-ATT|COV2_2489>VL:S20T-ACC;E106Q-CAG,CAGCTGCAGCTGCAGGAGTCGGGCCCAGGACTGGTGAAGCCTTCGGAGACACTGTCCCTCACATGCACTGTCTCTGGTGGCTCCATCAGCAGTACTACTTATTACTGGGGCTGGATCCGCCAGCCCCCAGGGAAGGGGCTGGAGTGGATTGCGAGTATCTATTACAGTGGGAGCACCTACTACAATCCGTCCCTCAAGAGTCGACTCACCATTTCCGTAGACACGTCCAAGAACCAGTTCTCCCTGAAGCTGAGCTCTGTGACCGCCGCAGACACGGCTGTCTATTACTGTGCGAGACAATGGAAATGGTTCGGGGAAGCCTGGTACTTCGATCTCTGGGGCCGTGGCACCCTGGTCACTGTCTCCTCA,2203.3,66,0.0299552248218452,COV2_2489,COV2_2489>VH:V71I-ATT,GAAATTGTGTTGACGCAGTCTCCAGGCACCCTGTCTTTGTCTCCAGGGGAAAGAGCCACCCTCTCCTGCAGGGCCAGTCAGAGTGTTAGCAGCAGCTACTTAGCCTGGTACCAGCAGAAACCTGGCCAGGCTCCCAGGCTCCTCATCTATGGTGCATCCAGCAGGGCCACTGGCATCCCAGACAGGTTCAGTGGCAGTGGGTCTGGGACAGACTTCACTCTCACCATCAGCAGACTGGAGCCTGAAGATTTTGCAGTGTATTACTGTCAGCAGTATGGTAGCTCACCTTTCACTTTCGGCGGAGGGACCAAGGTGCAGATCAAA,6502.5,85,0.0130718954248366,COV2_2489,COV2_2489>VL:S20T-ACC;E106Q-CAG
TAATCAATATGTAAGCCAGC,CAGCTGCAGCTGCAGGAGTCGGGCCCAGGACTGGTGAAGCCTTCGGAGACACTGTCCCTCACATGCACTGTCTCTGGTGGCTCCATCAGCAGTACTACTTATTACTAGGGCTGGATCCGCCAGCCCCCAGGGAAGGGGCTGGAGTGGATTGGGAGTATCTATTACAGTGGGAGCACCTACTACAATCCGTCCCTCAAGAGTCGAGTCACCATTTCCGTAGACACGTCCAAGAACCAGTTCTCCCTGAAGCTGAGCTCTGTGACCGCCGCAGACACGGCTGTCTATTACTGTGCGAGACAATGGAAATGGTTCGGGGAAGCCTGGTACTTCGATCTCTGGGGCCGTGGCACCCTGGTCACTGTCTCCTCA,10590.6,589,0.0556152029203349,COV2_2489,COV2_2489>VH:W36*-TAG;A51G-GGG;L69V-GTC;V71I-ATT,GAAATTGTGTTGACGCAGTCTCCAGGCACCCTGTCTTTGTCTCCAGGGGAAAGAGCCACCCTCTCCTGCAGGGCCAGTCAGAGTGTTAGCAGCAGCTACTTAGCCTGGTACCAGCAGAAACCTGGCCAGGCTCCCAGGCTCCTCATCTATGGTGCATCCAGCAGGGCCACTGGCATCCCAGACAGGTTCAGTGGCAGTGGGTCTGGGACAGACTTCACTCTCACCATCAGCAGACTGGAGCCTGAAGATTTTGCAGTGTATTACTGTCAGCAGTATGGTAGCTCACCTTTCACTTTCGGCGGAGGGACCAAGGTGGAGATCAAA,164.2,47,0.2863166525138356,COV2_2489,COV2_2489>VL:S20T-ACC,COV2_2489>VH:W36*-TAG;A51G-GGG;L69V-GTC;V71I-ATT|COV2_2489>VL:S20T-ACC,CAGCTGCAGCTGCAGGAGTCGGGCCCAGGACTGGTGAAGCCTTCGGAGACACTGTCCCTCACATGCACTGTCTCTGGTGGCTCCATCAGCAGTACTACTTATTACTAGGGCTGGATCCGCCAGCCCCCAGGGAAGGGGCTGGAGTGGATTGGGAGTATCTATTACAGTGGGAGCACCTACTACAATCCGTCCCTCAAGAGTCGAGTCACCATTTCCGTAGACACGTCCAAGAACCAGTTCTCCCTGAAGCTGAGCTCTGTGACCGCCGCAGACACGGCTGTCTATTACTGTGCGAGACAATGGAAATGGTTCGGGGAAGCCTGGTACTTCGATCTCTGGGGCCGTGGCACCCTGGTCACTGTCTCCTCA,6725.7,794,0.1180551176136722,COV2_2489,COV2_2489>VH:W36*-TAG;A51G-GGG;L69V-GTC;V71I-ATT,GAAATTGTGTTGACGCAGTCTCCAGGCACCCTGTCTTTGTCTCCAGGGGAAAGAGCCACCCTCTCCTGCAGGGCCAGTCAGAGTGTTAGCAGCAGCTACTTAGCCTGGTACCAGCAGAAACCTGGCCAGGCTCCCAGGCTCCTCATCTATGGTGCATCCAGCAGGGCCACTGGCATCCCAGACAGGTTCAGTGGCAGTGGGTCTGGGACAGACTTCACTCTCACCATCAGCAGACTGGAGCCTGAAGATTTTGCAGTGTATTACTGTCAGCAGTATGGTAGCTCACCTTTCACTTTCGGCGGAGGGACCAAGGTGGAGATCAAA,452.9,144,0.3179814561483508,COV2_2489,COV2_2489>VL:S20T-ACC
TAATGAGTATACGCATCCAT,CAGCTGCAGCTGCAGGAGTCGGGCCCAGGACTGGTGAAGCCTTCGGAGACACTGTCCCTCACATGCACTGTCTCTGGTGGCTCCATCAGCAGTACTAGTTATTACTGGGGCTGGATCCGCCAGCCCCCAGGGAAGGGGCTGGAGTGGATTGCGAGTATCTATTACAGTGGGAGCACCTACTACAATCCGTCCCTCAAGAGTCGACTCACCGTTTCCGTAGACACGTCCAAGAACCAGTTCTCCCTGAAGCTGAGCTCTGTGACCGCCGCAGACACGGCTGTCTATTACTGTGCGAGACAATGGAAATGGTTCGGGGAAGCCTGGTACTTCGATCTCTGGGGCCGTGGCACCCTGGTCACTGTCTCCTCA,1094.1,39,0.0356452651921838,COV2_2489,COV2_2489>VH:T33S-AGT,GAAATTGTGTTGACGCAGTCTCCAGGCACCCTGTCTTTGTCTCCAGGGGAAAGAGCCACCCTCTCCTGCAGGGCCAGTCAGAGTGTTAGCAGCAGCTACTTAGCCTGGTACCAGCAGAAACCTGGCCAGGCTCCCAGGCTCCTCATCTATGGTGCATCCAGCAGGGCCACTGGCATCCCAGACAGGTTCAGTGGCAGTGGGTCTGGGACAGACTTCACTCTCACCATCAGCAGACTGGAGCCTGAAGATTTTGCAGTGTATTACTGTCAGCAGTATGGTAGCTCACCTTTCACTTTCGGCGGAGGGACCAAGGTGGAGATCAAA,108.3,31,0.2863166525138356,COV2_2489,COV2_2489>VL:S20T-ACC,COV2_2489>VH:T33S-AGT|COV2_2489>VL:S20T-ACC,CAGCTGCAGCTGCAGGAGTCGGGCCCAGGACTGGTGAAGCCTTCGGAGACACTGTCCCTCACATGCACTGTCTCTGGTGGCTCCATCAGCAGTACTAGTTATTACTGGGGCTGGATCCGCCAGCCCCCAGGGAAGGGGCTGGAGTGGATTGCGAGTATCTATTACAGTGGGAGCACCTACTACAATCCGTCCCTCAAGAGTCGACTCACCGTTTCCGTAGACACGTCCAAGAACCAGTTCTCCCTGAAGCTGAGCTCTGTGACCGCCGCAGACACGGCTGTCTATTACTGTGCGAGACAATGGAAATGGTTCGGGGAAGCCTGGTACTTCGATCTCTGGGGCCGTGGCACCCTGGTCACTGTCTCCTCA,2117.4,45,0.0212524437157091,COV2_2489,COV2_2489>VH:T33S-AGT,GAAATTGTGTTGACGCAGTCTCCAGGCACCCTGTCTTTGTCTCCAGGGGAAAGAGCCACCCTCTCCTGCAGGGCCAGTCAGAGTGTTAGCAGCAGCTACTTAGCCTGGTACCAGCAGAAACCTGGCCAGGCTCCCAGGCTCCTCATCTATGGTGCATCCAGCAGGGCCACTGGCATCCCAGACAGGTTCAGTGGCAGTGGGTCTGGGACAGACTTCACTCTCACCATCAGCAGACTGGAGCCTGAAGATTTTGCAGTGTATTACTGTCAGCAGTATGGTAGCTCACCTTTCACTTTCGGCGGAGGGACCAAGGTGGAGATCAAA,295.6,94,0.3179814561483508,COV2_2489,COV2_2489>VL:S20T-ACC
TCAGGCAGCCAGACAGGATG,CAGCTGCAGCTGCAGGAGTCGGGCCCAGGACTGGTGAAGCCTTCGGAGACACTGTCCCTCACATGCACTGTCTCTGGTGGCTCCATCAGCAGTACTAGTTATTACTGGGGCTGGATCCGCCAGCCCCCAGGGAAGGGGCTGGAGTGGATTGGGAGTATCTATTACAGTGGGAGCACCTACTACAATCCGTCCCTCAAGAGTCGACTCACCATTTCCGTAGACACGTCCAAGAACCAGTTCTCCCTGAAGCTGAGCTCTGTGACCGCCGCAGACACGGCTGTCTATTACTGTGCGAGACAATGGAAATGGTTCGGGGAAGCCTGGTACTTCGATCTCTGGGGCCGTGGCACCCTGGTCACTGTCTCCTCA,2836.8,48,0.016920764440627,COV2_2489,COV2_2489>VH:T33S-AGT;A51G-GGG;V71I-ATT,GAAATTGTGTTGACGCAGTCTCCAGGCACCCTGTCTTTGTCTCCAGGGGAAAGAGCCAGCCTCTCCTGCAGGGCCAGTCAGAGTGTTAGCAGCAGCTACTTAGCCTGGTACCAGCAGAAACCTGGCCAGGCTCCCAGGCTCCTCATCTATGGTGCATCCAGCAGGGCCACTGGCATCCCAGACAGGTTCAGTGGCAGTGGGTCTGGGACAGACTTCACTCTCACCATCAGCAGACTGGAGCCTGAAGATTTTGCAGTGTATTACTGTCAGCAGTATGGTAGCTCACCTTTCACTTTCGGCGGAGGGACCAAGGTGGAGATCAAA,73.6,35,0.4755936868612925,COV2_2489,COV2_2489>VL:WT,COV2_2489>VH:T33S-AGT;A51G-GGG;V71I-ATT|COV2_2489>VL:WT,CAGCTGCAGCTGCAGGAGTCGGGCCCAGGACTGGTGAAGCCTTCGGAGACACTGTCCCTCACATGCACTGTCTCTGGTGGCTCCATCAGCAGTACTAGTTATTACTGGGGCTGGATCCGCCAGCCCCCAGGGAAGGGGCTGGAGTGGATTGGGAGTATCTATTACAGTGGGAGCACCTACTACAATCCGTCCCTCAAGAGTCGACTCACCATTTCCGTAGACACGTCCAAGAACCAGTTCTCCCTGAAGCTGAGCTCTGTGACCGCCGCAGACACGGCTGTCTATTACTGTGCGAGACAATGGAAATGGTTCGGGGAAGCCTGGTACTTCGATCTCTGGGGCCGTGGCACCCTGGTCACTGTCTCCTCA,9956.7,135,0.0135586807088352,COV2_2489,COV2_2489>VH:T33S-AGT;A51G-GGG;V71I-ATT,GAAATTGTGTTGACGCAGTCTCCAGGCACCCTGTCTTTGTCTCCAGGGGAAAGAGCCAGCCTCTCCTGCAGGGCCAGTCAGAGTGTTAGCAGCAGCTACTTAGCCTGGTACCAGCAGAAACCTGGCCAGGCTCCCAGGCTCCTCATCTATGGTGCATCCAGCAGGGCCACTGGCATCCCAGACAGGTTCAGTGGCAGTGGGTCTGGGACAGACTTCACTCTCACCATCAGCAGACTGGAGCCTGAAGATTTTGCAGTGTATTACTGTCAGCAGTATGGTAGCTCACCTTTCACTTTCGGCGGAGGGACCAAGGTGGAGATCAAA,105.6,52,0.4924760601915184,COV2_2489,COV2_2489>VL:WT
TTGCGTGGCTTTCAATAAAG,CAGCTGCAGCTGCAGGAGTCGGGCCCAGGACTGGTGAAGCCTTCGGAGACACTGTCCCTCACATGCACTGTCTCTGGTGGCTCCATCAGCAGTACTAGTTATTACTGGGGCTGGATCCGCCAGCCCCCAGGGAAGGGGCTGGAGTGGATTGCGAGTATCTATTACAGTGGGAGCACCTACTACAATCCGTCCCTCAAGAGTCGAGTCACCATTTCCGTAGACACGTCCAAGAACCAGTTCTCCCTGAAGCTGAGCTCTGTGACCGCCGCAGACACGGCTGTCTATTACTGTGCGAGACAATGGAAATGGTTCGGGGAAGCCTGGTACTTCGATCTCTGGGGCCGTGGCACCCTGGTCACTGTCTCCTCA,5505.1,148,0.026884260253382,COV2_2489,COV2_2489>VH:T33S-AGT;L69V-GTC;V71I-ATT,GAAATTGTGTTGACGCAGTCTCCAGGCACCCTGTCTTTGTCTCCAGGGGAAAGAGCCAGCCTCTCCTGCAGGGCCAGTCAGAGTGTTAGCAGCAGCTACTTAGCCTGGTACCAGCAGAAACCTGGCCAGGCTCCCAGGCTCCTCATCTATGGTGCATCCAGCAGGGCCACTGGCATCCCAGACAGGTTCAGTGGCAGTGGGTCTGGGACAGACTTCACTCTCACCATCAGCAGACTGGAGCCTGAAGATTTTGCAGTGTATTACTGTCAGCAGTATGGTAGCTCACCTTTCACTTTCGGCGGAGGGACCAAGGTGGAGATCAAA,218.7,104,0.4755936868612925,COV2_2489,COV2_2489>VL:WT,COV2_2489>VH:T33S-AGT;L69V-GTC;V71I-ATT|COV2_2489>VL:WT,CAGCTGCAGCTGCAGGAGTCGGGCCCAGGACTGGTGAAGCCTTCGGAGACACTGTCCCTCACATGCACTGTCTCTGGTGGCTCCATCAGCAGTACTAGTTATTACTGGGGCTGGATCCGCCAGCCCCCAGGGAAGGGGCTGGAGTGGATTGCGAGTATCTATTACAGTGGGAGCACCTACTACAATCCGTCCCTCAAGAGTCGAGTCACCATTTCCGTAGACACGTCCAAGAACCAGTTCTCCCTGAAGCTGAGCTCTGTGACCGCCGCAGACACGGCTGTCTATTACTGTGCGAGACAATGGAAATGGTTCGGGGAAGCCTGGTACTTCGATCTCTGGGGCCGTGGCACCCTGGTCACTGTCTCCTCA,9613.7,174,0.0180992621555149,COV2_2489,COV2_2489>VH:T33S-AGT;L69V-GTC;V71I-ATT,GAAATTGTGTTGACGCAGTCTCCAGGCACCCTGTCTTTGTCTCCAGGGGAAAGAGCCAGCCTCTCCTGCAGGGCCAGTCAGAGTGTTAGCAGCAGCTACTTAGCCTGGTACCAGCAGAAACCTGGCCAGGCTCCCAGGCTCCTCATCTATGGTGCATCCAGCAGGGCCACTGGCATCCCAGACAGGTTCAGTGGCAGTGGGTCTGGGACAGACTTCACTCTCACCATCAGCAGACTGGAGCCTGAAGATTTTGCAGTGTATTACTGTCAGCAGTATGGTAGCTCACCTTTCACTTTCGGCGGAGGGACCAAGGTGGAGATCAAA,481.2,237,0.4924760601915184,COV2_2489,COV2_2489>VL:WT
TTTTGCTTAATGCTACCATG,CAGCTGCAGCTGCAGGAGTCGGGCCCAGGACTGGTGAAGCCTTCGGAGACACTGTCCCTCACATGCACTGTCTCTGGTGGCTCCATCAGCAGTAGTACTTATTACTGGGGCTGGATCCGCCAGCCCCCAGGGAAGGGGCTGGAGTGGATTGGGAGTATCTATTACAGTGGGAGCACCTACTACAATCCGTCCCTCAAGAGTCGAGTCACCGTTTCCGTAGACACGTCCAAGAACCAGTTCTCCCTGAAGCTGAGCTCTGTGACCGCCGCAGACACGGCTGTCTATTACTGTGCGAGACAATGGAAATGGTTCGGGGAAGCCTGGTACTTCGATCTCTGGGGCCGTGGCACCCTGGTCACTGTCTCCTCA,12318.7,419,0.0340133132918187,COV2_2489,COV2_2489>VH:T32S-AGT;A51G-GGG;L69V-GTC,GAAATTGTGTTGACGCAGTCTCCAGGCACCCTGTCTTTGTCTCCAGGGGAAAGAGCCACCCTCTCCTGCAGGGCCAGTCAGAGTGTTAGCAGCAGCTACTTAGCCTGGTACCAGCAGAAACCTGGCCAGGCTCCCAGGCTCCTCATCTATGGTGCATCCAGCAGGGCCACTGGCATCCCAGACAGGTTCAGTGGCAGTGGGTCTGGGACAGACTTCACTCTCACCATCAGCAGACTGGAGCCTGAAGATTTTGCAGTGTATTACTGTCAGCAGTATGGTAGCTCACCTTTCACTTTCGGCGGAGGGACCAAGGTTGAGATCAAA,21016.0,48,0.00228397411496,COV2_2489,COV2_2489>VL:S20T-ACC;V105V-GTT,COV2_2489>VH:T32S-AGT;A51G-GGG;L69V-GTC|COV2_2489>VL:S20T-ACC;V105V-GTT,CAGCTGCAGCTGCAGGAGTCGGGCCCAGGACTGGTGAAGCCTTCGGAGACACTGTCCCTCACATGCACTGTCTCTGGTGGCTCCATCAGCAGTAGTACTTATTACTGGGGCTGGATCCGCCAGCCCCCAGGGAAGGGGCTGGAGTGGATTGGGAGTATCTATTACAGTGGGAGCACCTACTACAATCCGTCCCTCAAGAGTCGAGTCACCGTTTCCGTAGACACGTCCAAGAACCAGTTCTCCCTGAAGCTGAGCTCTGTGACCGCCGCAGACACGGCTGTCTATTACTGTGCGAGACAATGGAAATGGTTCGGGGAAGCCTGGTACTTCGATCTCTGGGGCCGTGGCACCCTGGTCACTGTCTCCTCA,9302.6,677,0.0727754304092829,COV2_2489,COV2_2489>VH:T32S-AGT;A51G-GGG;L69V-GTC,GAAATTGTGTTGACGCAGTCTCCAGGCACCCTGTCTTTGTCTCCAGGGGAAAGAGCCACCCTCTCCTGCAGGGCCAGTCAGAGTGTTAGCAGCAGCTACTTAGCCTGGTACCAGCAGAAACCTGGCCAGGCTCCCAGGCTCCTCATCTATGGTGCATCCAGCAGGGCCACTGGCATCCCAGACAGGTTCAGTGGCAGTGGGTCTGGGACAGACTTCACTCTCACCATCAGCAGACTGGAGCCTGAAGATTTTGCAGTGTATTACTGTCAGCAGTATGGTAGCTCACCTTTCACTTTCGGCGGAGGGACCAAGGTTGAGATCAAA,6527.6,127,0.0194558443532451,COV2_2489,COV2_2489>VL:S20T-ACC;V105V-GTT
