UMI,Ab,Mutations VH,Mutations VL
TAGGACATCCGTAATTGTGG,4A8,,S7T
ACATGATTACTCATGGGTTC,4A8,,S7T
CCATACATGCAGGAAGCAGC,4A8,M59I Q120K,S7T
CCGTCCTCATTTCCTTCTGT,4A8,M59I  ,S7T
ATGCCTTCCTGGGTGGGTAC,4A8,Q120K,S7T
ACATATTCAAAGACGGCAGG,4A8,Q120K,S7T T94M D110E
TCGTCCATGATGGAAGCTTG,4A8,M59I,T94M D110E
TAGTAATTAAGTGATTCAAC,4A8,,T94M V109L D110E
ATGTATTTGTATCCTCGAGC,4A8,,S7T P18P
TATGATGGCAACGTGTAATT,4A8,Q120K,S7T T94M V109L
ATGCACACATTTAAAGCTGT,4A8,M59I,
ACAGGCATGAATAATTATGG,4A8,M59I,T94M
AAACCTACATTGCAAGGCTC,4A8,Q120K,V109L
CTTGATGTCTGCGATTCTTG,CC12.1,L27F L104M,
TATCGTACGCTTGAACAATC,CC12.1,L27F F58Y L104M,M4L E107D
AATTATTGCAAGATGTATGT,CC12.1,L104M,V3Q
TTGGACGGATGGGTATATTC,CC12.1,L27F F58Y,
CATTATGTGTAGCAACCTAT,CC12.1,L27F L104M,M4L
CAGTAAGGATAGGAAGGAGC,CC12.1,L27F F58Y L104M,M4L
TCGTGTTCAATTAATGGATC,CC12.1,L27F L104M,V3Q M4L E107D
